{
  "1cmt-iv@dt=0.25": {
    "interval1": {
      "val": 4.9378890024694071,
      "J": [-1.2344722506173518, 0.06172361253086759],
      "Jg": [-0.06172361253086759, -0.24380826949692699]
    },
    "interval2": {
      "val": 4.8765495601416635,
      "J": [-2.4382747800708318, 0.12191373900354159],
      "Jg": [-0.12191373900354159, -0.23773179105690609]
    }
  },
  "1cmt-iv@dt=1": {
    "interval1": {
      "val": 4.7561471225035703,
      "J": [-4.7561471225035703, 0.2378073561251785],
      "Jg": [-0.2378073561251785, -0.22591698831891957]
    },
    "interval2": {
      "val": 4.5241870901797983,
      "J": [-9.0483741803595965, 0.45241870901797981],
      "Jg": [-0.45241870901797981, -0.20358841905809091]
    }
  },
  "1cmt-iv@dt=4": {
    "interval1": {
      "val": 4.0936537653899094,
      "J": [-16.374615061559638, 0.81873075307798193],
      "Jg": [-0.81873075307798193, -0.16374615061559639]
    },
    "interval2": {
      "val": 3.3516002301781969,
      "J": [-26.812801841425575, 1.3406400920712787],
      "Jg": [-1.3406400920712787, -0.1005480069053459]
    }
  },
  "1cmt-oral@dt=0.25": {
    "interval1": {
      "val": 1.1943154523609727,
      "J": [0, -0.15581335554106132, 0, 0.0077906677770530662, -18.989303080624211, 18.859516255579504],
      "Jg": [-0.0077906677770530662, -0.059326239229195984, 0.94297581277897513]
    },
    "interval2": {
      "val": 2.086648151488717,
      "J": [0, -0.56709914913256965, 0, 0.028354957456628478, -28.847490519024333, 28.414558767559075],
      "Jg": [-0.028354957456628482, -0.10291465970160442, 1.4207279383779539]
    }
  },
  "1cmt-oral@dt=1": {
    "interval1": {
      "val": 3.2390198803947525,
      "J": [0, -1.8978494803420713, 0, 0.094892474017103559, -33.287108369807953, 32.067862551578244],
      "Jg": [-0.094892474017103573, -0.15720637031888246, 1.6033931275789122]
    },
    "interval2": {
      "val": 4.1592270744808975,
      "J": [0, -5.5180804989663423, 0, 0.27590402494831712, -22.160631672466778, 19.614837445198184],
      "Jg": [-0.27590402494831712, -0.19416615247662902, 0.98074187225990916]
    }
  },
  "1cmt-oral@dt=4": {
    "interval1": {
      "val": 4.2242797832971659,
      "J": [0, -13.131235032779463, 0, 0.65656175163897312, -4.9109359612273744, 1.4874049608553621],
      "Jg": [-0.65656175163897312, -0.17838590158290965, 0.074370248042768108]
    },
    "interval2": {
      "val": 3.510410686936182,
      "J": [0, -24.746353655839954, 0, 1.2373176827919976, -0.12058646007638117, -2.9129879396049976],
      "Jg": [-1.2373176827919976, -0.11365465020720923, -0.14564939698024987]
    }
  },
  "2cmt-iv@dt=0.25": {
    "interval1": {
      "val": 4.8167309142228536,
      "J": [-1.2041192288402123, -0.015176908251679782, 0.17985903891345029, -0.11965307747143471, -1.1889740704463316, 1.196530774714347, -0.00037783521340324812, 0.00037942270629199459],
      "Jg": [-0.060205961442010611, -0.23184359376547015, -0.059448703522316584, -1.8891760670162407e-05]
    },
    "interval2": {
      "val": 4.6416658682300689,
      "J": [-2.3203374092234359, -0.05897489458117814, 0.34510186665446158, -0.22908499619327904, -2.2616102770881605, 2.29084996193279, -0.0014619842422368776, 0.0014743723645294585],
      "Jg": [-0.11601687046117179, -0.21482820007878037, -0.11308051385440802, -7.3099212111843876e-05]
    }
  },
  "2cmt-iv@dt=1": {
    "interval1": {
      "val": 4.3146711757260192,
      "J": [-4.3108981914431252, -0.22271923797378318, 0.63549876681778183, -0.41995385724562062, -4.0900654456108354, 4.1995385724562064, -0.0054736563422710209, 0.0055679809493445797],
      "Jg": [-0.21554490957215627, -0.18395862044541186, -0.20450327228054177, -0.00027368281711355106]
    },
    "interval2": {
      "val": 3.7437969616253,
      "J": [-7.4602209373028288, -0.79545756576410476, 1.0792602623072232, -0.7062492154420722, -6.6784498645126948, 7.0624921544207222, -0.019202114495406167, 0.019886439144102618],
      "Jg": [-0.37301104686514142, -0.13322683496590382, -0.33392249322563472, -0.00096010572477030838]
    }
  },
  "2cmt-iv@dt=4": {
    "interval1": {
      "val": 2.870908149658006,
      "J": [-11.302726348791236, -2.5543222124366114, 1.5676928416968565, -1.0025565242572902, -8.8388572612750522, 10.025565242572902, -0.059335399064894719, 0.06385805531091529],
      "Jg": [-0.56513631743956183, -0.065160765398057485, -0.44194286306375263, -0.0029667699532447359]
    },
    "interval2": {
      "val": 1.8354595892758616,
      "J": [-13.678301156968017, -6.7729911377545982, 1.7130956166574751, -1.0291805588090661, -7.4079977978329099, 10.291805588090664, -0.1441903895128917, 0.16932477844386498],
      "Jg": [-0.68391505784840079, -0.0061181986309193359, -0.37039988989164552, -0.0072095194756445855]
    }
  },
  "2cmt-oral@dt=0.25": {
    "interval1": {
      "val": 1.1789314002998759,
      "J": [0, -0.15319396376998595, -0.0013097168569992828, 0, 0.022913608722648492, -0.01525391053414806, 0, -0.15188632493405579, 0.1525391053414806, 0, -3.2639020371807435e-05, 3.274292142498207e-05, -18.989303080624211, 18.604421763831308, 0.25621338019032081],
      "Jg": [-0.0076596981884992973, -0.057800889578861363, -0.0075943162467027895, -1.6319510185903718e-06, 0.93022108819156535]
    },
    "interval2": {
      "val": 2.031390862039685,
      "J": [0, -0.54789489502205602, -0.0096027567019870801, 0, 0.081704096418210623, -0.054309351667104745, 0, -0.53832306191328994, 0.54309351667104744, 0, -0.00023852273788941552, 0.00024006891754967797, -28.847490519024333, 27.579605533584306, 0.84266799561154482],
      "Jg": [-0.0273947447511028, -0.09748433828107371, -0.026916153095664495, -1.1926136894470776e-05, 1.3789802766792154]
    }
  },
  "2cmt-oral@dt=1": {
    "interval1": {
      "val": 3.0591441361802549,
      "J": [0, -1.7679964836664681, -0.064944298480487578, 0, 0.26195225762594732, -0.17355243344262086, 0, -1.7034822174656159, 1.7355243344262086, 0, -0.0016021058480311723, 0.0016236074620121894, -33.287108369807953, 29.815050716913106, 2.299068936572553],
      "Jg": [-0.0883998241833234, -0.13985959392771535, -0.085174110873280792, -8.010529240155862e-05, 1.4907525358456553]
    },
    "interval2": {
      "val": 3.6664398698141918,
      "J": [0, -4.75873365557967, -0.38012376836432865, 0, 0.69480385991873717, -0.45686717713974673, 0, -4.3838975520365207, 4.5686717713974669, 0, -0.0092387109680508173, 0.009503094209108217, -22.160631672466778, 15.391127999401137, 4.4389848054234662],
      "Jg": [-0.2379366827789835, -0.14858180049477271, -0.21919487760182604, -0.00046193554840254084, 0.76955639997005687]
    }
  },
  "2cmt-oral@dt=4": {
    "interval1": {
      "val": 3.193731478289318,
      "J": [0, -9.632990588378922, -1.7585289284213126, 0, 1.3570221418357744, -0.87537261241682407, 0, -7.9273523401499322, 8.7537261241682405, 0, -0.041318689200917615, 0.043963223210532816, -4.9109359612273744, -2.65523422806978, 4.8060302216664619],
      "Jg": [-0.48164952941894612, -0.091835466822677167, -0.39636761700749662, -0.0020659344600458809, -0.132761711403489]
    },
    "interval2": {
      "val": 2.0273378338023003,
      "J": [0, -13.397701358417267, -5.8195429673222199, 0, 1.7186780553964818, -1.0487929874756103, 0, -7.966223136141128, 10.487929874756105, 0, -0.12608533693075291, 0.14548857418305552, -0.12058646007638117, -4.0367485508671574, 2.2983606273898385],
      "Jg": [-0.66988506792086333, -0.015432988920290922, -0.39831115680705642, -0.0063042668465376457, -0.20183742754335787]
    }
  },
  "3cmt-iv@dt=0.25": {
    "interval1": {
      "val": 4.7867534047927816,